<?xml version="1.0" encoding="UTF-8"?><rss version="2.0"
	xmlns:content="http://purl.org/rss/1.0/modules/content/"
	xmlns:wfw="http://wellformedweb.org/CommentAPI/"
	xmlns:dc="http://purl.org/dc/elements/1.1/"
	xmlns:atom="http://www.w3.org/2005/Atom"
	xmlns:sy="http://purl.org/rss/1.0/modules/syndication/"
	xmlns:slash="http://purl.org/rss/1.0/modules/slash/"
	>

<channel>
	<title>Costa Rica &#8211; Esercizio0103</title>
	<atom:link href="http://localhost/esercizio0103/category/destinations/costa-rica/feed/?simply_static_page=277" rel="self" type="application/rss+xml" />
	<link>./../../../../index.html</link>
	<description></description>
	<lastBuildDate>Wed, 01 Mar 2023 14:32:45 +0000</lastBuildDate>
	<language>it-IT</language>
	<sy:updatePeriod>
	hourly	</sy:updatePeriod>
	<sy:updateFrequency>
	1	</sy:updateFrequency>
	<generator>https://wordpress.org/?v=6.1.1</generator>
	<item>
		<title>Costa Rica Waterfalls</title>
		<link>./../../../../2023/03/01/costa-rica-waterfalls/index.html</link>
					<comments>./../../../../2023/03/01/costa-rica-waterfalls/index.html#respond</comments>
		
		<dc:creator><![CDATA[Francesco]]></dc:creator>
		<pubDate>Wed, 01 Mar 2023 14:27:28 +0000</pubDate>
				<category><![CDATA[Adventure place]]></category>
		<category><![CDATA[Costa Rica]]></category>
		<category><![CDATA[Destinations]]></category>
		<category><![CDATA[Nature]]></category>
		<guid isPermaLink="false">./../../../../index.html?p=2218</guid>

					<description><![CDATA[]]></description>
										<content:encoded><![CDATA[
<div class="wp-block-uagb-advanced-heading uagb-block-ac91b84b"><h2 class="uagb-heading-text">Your Attractive Heading</h2></div>



<div class="wp-block-uagb-image uagb-block-7b1b612b wp-block-uagb-image--layout-default wp-block-uagb-image--effect-static wp-block-uagb-image--align-none"><figure class="wp-block-uagb-image__figure"><img decoding="async" srcset="./../../../../wp-content/uploads/2018/12/hbanner-02-free-img-1024x587.jpg " src="./../../../../wp-content/uploads/2018/12/hbanner-02-free-img-1024x587.jpg" alt="" class="uag-image-1646" width="" height="" title="" loading="lazy"/></figure></div>



<div class="wp-block-uagb-info-box uagb-block-a5e12f52 uagb-infobox__content-wrap  uagb-infobox-icon-above-title uagb-infobox-image-valign-top"><div class="uagb-ifb-content"><div class="uagb-ifb-icon-wrap"><svg xmlns="https://www.w3.org/2000/svg" viewBox="0 0 512 512"><path d="M0 256C0 114.6 114.6 0 256 0C397.4 0 512 114.6 512 256C512 397.4 397.4 512 256 512C114.6 512 0 397.4 0 256zM371.8 211.8C382.7 200.9 382.7 183.1 371.8 172.2C360.9 161.3 343.1 161.3 332.2 172.2L224 280.4L179.8 236.2C168.9 225.3 151.1 225.3 140.2 236.2C129.3 247.1 129.3 264.9 140.2 275.8L204.2 339.8C215.1 350.7 232.9 350.7 243.8 339.8L371.8 211.8z"></path></svg></div><div class="uagb-ifb-title-wrap"><h3 class="uagb-ifb-title">Travel tips</h3></div><p class="uagb-ifb-desc">Click here to change this text. Lorem ipsum dolor sit amet, consectetur adipiscing elit. Ut elit tellus, luctus nec ullamcorper mattis, pulvinar dapibus leo.</p></div></div>
]]></content:encoded>
					
					<wfw:commentRss>./../../../../2023/03/01/costa-rica-waterfalls/feed/index.html</wfw:commentRss>
			<slash:comments>0</slash:comments>
		
		
			</item>
	</channel>
</rss>
