<?xml version="1.0" encoding="UTF-8"?><rss version="2.0"
	xmlns:content="http://purl.org/rss/1.0/modules/content/"
	xmlns:wfw="http://wellformedweb.org/CommentAPI/"
	xmlns:dc="http://purl.org/dc/elements/1.1/"
	xmlns:atom="http://www.w3.org/2005/Atom"
	xmlns:sy="http://purl.org/rss/1.0/modules/syndication/"
	xmlns:slash="http://purl.org/rss/1.0/modules/slash/"
	>

<channel>
	<title>Senza categoria &#8211; Esercizio0103</title>
	<atom:link href="http://localhost/esercizio0103/category/senza-categoria/feed/?simply_static_page=270" rel="self" type="application/rss+xml" />
	<link>./../../../index.html</link>
	<description></description>
	<lastBuildDate>Wed, 01 Mar 2023 15:30:46 +0000</lastBuildDate>
	<language>it-IT</language>
	<sy:updatePeriod>
	hourly	</sy:updatePeriod>
	<sy:updateFrequency>
	1	</sy:updateFrequency>
	<generator>https://wordpress.org/?v=6.1.1</generator>
	<item>
		<title>Mexico &#038; Clouds</title>
		<link>./../../../2023/03/01/mexico-clouds-2/index.html</link>
					<comments>./../../../2023/03/01/mexico-clouds-2/index.html#respond</comments>
		
		<dc:creator><![CDATA[Francesco]]></dc:creator>
		<pubDate>Wed, 01 Mar 2023 15:30:46 +0000</pubDate>
				<category><![CDATA[Senza categoria]]></category>
		<guid isPermaLink="false">./../../../index.html?p=2238</guid>

					<description><![CDATA[]]></description>
										<content:encoded><![CDATA[
<div class="wp-block-uagb-advanced-heading uagb-block-fac6bd6b"><h2 class="uagb-heading-text"><strong>Mexico &amp; Clouds</strong></h2></div>



<div class="wp-block-uagb-image uagb-block-96f85095 wp-block-uagb-image--layout-default wp-block-uagb-image--effect-static wp-block-uagb-image--align-none"><figure class="wp-block-uagb-image__figure"><img decoding="async" srcset="https://live.staticflickr.com/3097/2814141061_c2b74c5294_b.jpg " src="https://live.staticflickr.com/3097/2814141061_c2b74c5294_b.jpg" alt="" title="" loading="lazy"/></figure></div>



<div class="wp-block-uagb-blockquote uagb-block-099e73e4 uagb-blockquote__skin-quotation uagb-blockquote__align-left uagb-blockquote__style-style_2 uagb-blockquote__with-tweet uagb-blockquote__tweet-style-classic uagb-blockquote__tweet-icon_text uagb-blockquote__stack-img-none"><blockquote class="uagb-blockquote"><span class="uagb-blockquote__icon"><svg width="20" height="20" viewBox="0 0 32 32"><path d="M7.031 14c3.866 0 7 3.134 7 7s-3.134 7-7 7-7-3.134-7-7l-0.031-1c0-7.732 6.268-14 14-14v4c-2.671 0-5.182 1.040-7.071 2.929-0.364 0.364-0.695 0.751-0.995 1.157 0.357-0.056 0.724-0.086 1.097-0.086zM25.031 14c3.866 0 7 3.134 7 7s-3.134 7-7 7-7-3.134-7-7l-0.031-1c0-7.732 6.268-14 14-14v4c-2.671 0-5.182 1.040-7.071 2.929-0.364 0.364-0.695 0.751-0.995 1.157 0.358-0.056 0.724-0.086 1.097-0.086z"></path></svg></span><div class="uagb-blockquote__content">Lorem ipsum dolor sit amet, consectetur adipiscing elit. Ut elit tellus, luctus nec ullamcorper mattis, pulvinar dapibus leo.</div><footer><div class="uagb-blockquote__author-wrap uagb-blockquote__author-at-left"><cite class="uagb-blockquote__author">Author Name</cite></div><a href="/" class="uagb-blockquote__tweet-button" target="_blank" rel="noopener noreferrer"><svg width="20" height="20" viewBox="0 0 512 512"><path d="M459.37 151.716c.325 4.548.325 9.097.325 13.645 0 138.72-105.583 298.558-298.558 298.558-59.452 0-114.68-17.219-161.137-47.106 8.447.974 16.568 1.299 25.34 1.299 49.055 0 94.213-16.568 130.274-44.832-46.132-.975-84.792-31.188-98.112-72.772 6.498.974 12.995 1.624 19.818 1.624 9.421 0 18.843-1.3 27.614-3.573-48.081-9.747-84.143-51.98-84.143-102.985v-1.299c13.969 7.797 30.214 12.67 47.431 13.319-28.264-18.843-46.781-51.005-46.781-87.391 0-19.492 5.197-37.36 14.294-52.954 51.655 63.675 129.3 105.258 216.365 109.807-1.624-7.797-2.599-15.918-2.599-24.04 0-57.828 46.782-104.934 104.934-104.934 30.213 0 57.502 12.67 76.67 33.137 23.715-4.548 46.456-13.32 66.599-25.34-7.798 24.366-24.366 44.833-46.132 57.827 21.117-2.273 41.584-8.122 60.426-16.243-14.292 20.791-32.161 39.308-52.628 54.253z"></path></svg>Tweet</a></footer></blockquote></div>
]]></content:encoded>
					
					<wfw:commentRss>./../../../2023/03/01/mexico-clouds-2/feed/index.html</wfw:commentRss>
			<slash:comments>0</slash:comments>
		
		
			</item>
		<item>
		<title>Ciao mondo!</title>
		<link>./../../../2023/03/01/ciao-mondo/index.html</link>
					<comments>./../../../2023/03/01/ciao-mondo/index.html#comments</comments>
		
		<dc:creator><![CDATA[Francesco]]></dc:creator>
		<pubDate>Wed, 01 Mar 2023 13:18:00 +0000</pubDate>
				<category><![CDATA[Senza categoria]]></category>
		<guid isPermaLink="false">./../../../index.html?p=1</guid>

					<description><![CDATA[Ti diamo il benvenuto in WordPress. Questo è il tuo primo articolo. Modificalo o eliminalo e quindi inizia a scrivere!]]></description>
										<content:encoded><![CDATA[
<p>Ti diamo il benvenuto in WordPress. Questo è il tuo primo articolo. Modificalo o eliminalo e quindi inizia a scrivere!</p>
]]></content:encoded>
					
					<wfw:commentRss>./../../../2023/03/01/ciao-mondo/feed/index.html</wfw:commentRss>
			<slash:comments>1</slash:comments>
		
		
			</item>
	</channel>
</rss>
