<?xml version="1.0" encoding="UTF-8"?><rss version="2.0"
	xmlns:content="http://purl.org/rss/1.0/modules/content/"
	xmlns:wfw="http://wellformedweb.org/CommentAPI/"
	xmlns:dc="http://purl.org/dc/elements/1.1/"
	xmlns:atom="http://www.w3.org/2005/Atom"
	xmlns:sy="http://purl.org/rss/1.0/modules/syndication/"
	xmlns:slash="http://purl.org/rss/1.0/modules/slash/"
	>

<channel>
	<title>Destinations &#8211; Esercizio0103</title>
	<atom:link href="http://localhost/esercizio0103/category/destinations/feed/?simply_static_page=279" rel="self" type="application/rss+xml" />
	<link>./../../../index.html</link>
	<description></description>
	<lastBuildDate>Wed, 01 Mar 2023 15:34:43 +0000</lastBuildDate>
	<language>it-IT</language>
	<sy:updatePeriod>
	hourly	</sy:updatePeriod>
	<sy:updateFrequency>
	1	</sy:updateFrequency>
	<generator>https://wordpress.org/?v=6.1.1</generator>
	<item>
		<title>Mexico pyramids</title>
		<link>./../../../2023/03/01/mexico-clouds/index.html</link>
					<comments>./../../../2023/03/01/mexico-clouds/index.html#respond</comments>
		
		<dc:creator><![CDATA[Francesco]]></dc:creator>
		<pubDate>Wed, 01 Mar 2023 14:36:25 +0000</pubDate>
				<category><![CDATA[Adventure place]]></category>
		<category><![CDATA[Destinations]]></category>
		<category><![CDATA[Mexico]]></category>
		<guid isPermaLink="false">./../../../index.html?p=2212</guid>

					<description><![CDATA[]]></description>
										<content:encoded><![CDATA[
<div class="wp-block-uagb-advanced-heading uagb-block-afdf5c5f"><h2 class="uagb-heading-text">Mexico Pyramids</h2></div>



<div class="wp-block-uagb-image uagb-block-a30b48c1 wp-block-uagb-image--layout-default wp-block-uagb-image--effect-static wp-block-uagb-image--align-none"><figure class="wp-block-uagb-image__figure"><img decoding="async" srcset="./../../../wp-content/uploads/2023/03/chichen-itza-mexico-pyramid-1025099-1024x618.jpg " src="./../../../wp-content/uploads/2023/03/chichen-itza-mexico-pyramid-1025099-1024x618.jpg" alt="chichen itza, mexico, pyramid-1025099.jpg" class="uag-image-2222" width="" height="" title="" loading="lazy"/></figure></div>



<div class="wp-block-uagb-blockquote uagb-block-a35ddb45 uagb-blockquote__skin-quotation uagb-blockquote__align-left uagb-blockquote__style-style_2 uagb-blockquote__with-tweet uagb-blockquote__tweet-style-classic uagb-blockquote__tweet-icon_text uagb-blockquote__stack-img-none"><blockquote class="uagb-blockquote"><span class="uagb-blockquote__icon"><svg width="20" height="20" viewBox="0 0 32 32"><path d="M7.031 14c3.866 0 7 3.134 7 7s-3.134 7-7 7-7-3.134-7-7l-0.031-1c0-7.732 6.268-14 14-14v4c-2.671 0-5.182 1.040-7.071 2.929-0.364 0.364-0.695 0.751-0.995 1.157 0.357-0.056 0.724-0.086 1.097-0.086zM25.031 14c3.866 0 7 3.134 7 7s-3.134 7-7 7-7-3.134-7-7l-0.031-1c0-7.732 6.268-14 14-14v4c-2.671 0-5.182 1.040-7.071 2.929-0.364 0.364-0.695 0.751-0.995 1.157 0.358-0.056 0.724-0.086 1.097-0.086z"></path></svg></span><div class="uagb-blockquote__content">Lorem ipsum dolor sit amet, consectetur adipiscing elit. Ut elit tellus, luctus nec ullamcorper mattis, pulvinar dapibus leo.</div><footer><div class="uagb-blockquote__author-wrap uagb-blockquote__author-at-left"><cite class="uagb-blockquote__author">Author Name</cite></div><a href="/" class="uagb-blockquote__tweet-button" target="_blank" rel="noopener noreferrer"><svg width="20" height="20" viewBox="0 0 512 512"><path d="M459.37 151.716c.325 4.548.325 9.097.325 13.645 0 138.72-105.583 298.558-298.558 298.558-59.452 0-114.68-17.219-161.137-47.106 8.447.974 16.568 1.299 25.34 1.299 49.055 0 94.213-16.568 130.274-44.832-46.132-.975-84.792-31.188-98.112-72.772 6.498.974 12.995 1.624 19.818 1.624 9.421 0 18.843-1.3 27.614-3.573-48.081-9.747-84.143-51.98-84.143-102.985v-1.299c13.969 7.797 30.214 12.67 47.431 13.319-28.264-18.843-46.781-51.005-46.781-87.391 0-19.492 5.197-37.36 14.294-52.954 51.655 63.675 129.3 105.258 216.365 109.807-1.624-7.797-2.599-15.918-2.599-24.04 0-57.828 46.782-104.934 104.934-104.934 30.213 0 57.502 12.67 76.67 33.137 23.715-4.548 46.456-13.32 66.599-25.34-7.798 24.366-24.366 44.833-46.132 57.827 21.117-2.273 41.584-8.122 60.426-16.243-14.292 20.791-32.161 39.308-52.628 54.253z"></path></svg>Tweet</a></footer></blockquote></div>
]]></content:encoded>
					
					<wfw:commentRss>./../../../2023/03/01/mexico-clouds/feed/index.html</wfw:commentRss>
			<slash:comments>0</slash:comments>
		
		
			</item>
		<item>
		<title>Costa Rica Waterfalls</title>
		<link>./../../../2023/03/01/costa-rica-waterfalls/index.html</link>
					<comments>./../../../2023/03/01/costa-rica-waterfalls/index.html#respond</comments>
		
		<dc:creator><![CDATA[Francesco]]></dc:creator>
		<pubDate>Wed, 01 Mar 2023 14:27:28 +0000</pubDate>
				<category><![CDATA[Adventure place]]></category>
		<category><![CDATA[Costa Rica]]></category>
		<category><![CDATA[Destinations]]></category>
		<category><![CDATA[Nature]]></category>
		<guid isPermaLink="false">./../../../index.html?p=2218</guid>

					<description><![CDATA[]]></description>
										<content:encoded><![CDATA[
<div class="wp-block-uagb-advanced-heading uagb-block-ac91b84b"><h2 class="uagb-heading-text">Your Attractive Heading</h2></div>



<div class="wp-block-uagb-image uagb-block-7b1b612b wp-block-uagb-image--layout-default wp-block-uagb-image--effect-static wp-block-uagb-image--align-none"><figure class="wp-block-uagb-image__figure"><img decoding="async" srcset="./../../../wp-content/uploads/2018/12/hbanner-02-free-img-1024x587.jpg " src="./../../../wp-content/uploads/2018/12/hbanner-02-free-img-1024x587.jpg" alt="" class="uag-image-1646" width="" height="" title="" loading="lazy"/></figure></div>



<div class="wp-block-uagb-info-box uagb-block-a5e12f52 uagb-infobox__content-wrap  uagb-infobox-icon-above-title uagb-infobox-image-valign-top"><div class="uagb-ifb-content"><div class="uagb-ifb-icon-wrap"><svg xmlns="https://www.w3.org/2000/svg" viewBox="0 0 512 512"><path d="M0 256C0 114.6 114.6 0 256 0C397.4 0 512 114.6 512 256C512 397.4 397.4 512 256 512C114.6 512 0 397.4 0 256zM371.8 211.8C382.7 200.9 382.7 183.1 371.8 172.2C360.9 161.3 343.1 161.3 332.2 172.2L224 280.4L179.8 236.2C168.9 225.3 151.1 225.3 140.2 236.2C129.3 247.1 129.3 264.9 140.2 275.8L204.2 339.8C215.1 350.7 232.9 350.7 243.8 339.8L371.8 211.8z"></path></svg></div><div class="uagb-ifb-title-wrap"><h3 class="uagb-ifb-title">Travel tips</h3></div><p class="uagb-ifb-desc">Click here to change this text. Lorem ipsum dolor sit amet, consectetur adipiscing elit. Ut elit tellus, luctus nec ullamcorper mattis, pulvinar dapibus leo.</p></div></div>
]]></content:encoded>
					
					<wfw:commentRss>./../../../2023/03/01/costa-rica-waterfalls/feed/index.html</wfw:commentRss>
			<slash:comments>0</slash:comments>
		
		
			</item>
	</channel>
</rss>
