<?xml version="1.0" encoding="UTF-8"?><rss version="2.0"
	xmlns:content="http://purl.org/rss/1.0/modules/content/"
	xmlns:wfw="http://wellformedweb.org/CommentAPI/"
	xmlns:dc="http://purl.org/dc/elements/1.1/"
	xmlns:atom="http://www.w3.org/2005/Atom"
	xmlns:sy="http://purl.org/rss/1.0/modules/syndication/"
	xmlns:slash="http://purl.org/rss/1.0/modules/slash/"
	>

<channel>
	<title>Road Trip &#8211; Esercizio0103</title>
	<atom:link href="http://localhost/esercizio0103/category/road-trip/feed/?simply_static_page=286" rel="self" type="application/rss+xml" />
	<link>./../../../index.html</link>
	<description></description>
	<lastBuildDate>Thu, 27 Dec 2018 12:33:37 +0000</lastBuildDate>
	<language>it-IT</language>
	<sy:updatePeriod>
	hourly	</sy:updatePeriod>
	<sy:updateFrequency>
	1	</sy:updateFrequency>
	<generator>https://wordpress.org/?v=6.1.1</generator>
	<item>
		<title>“The Ultimate Packing List for Campers” is locked</title>
		<link>./../../../2018/12/27/the-ultimate-packing-list-for-campers-is-locked/index.html</link>
					<comments>./../../../2018/12/27/the-ultimate-packing-list-for-campers-is-locked/index.html#respond</comments>
		
		<dc:creator><![CDATA[Francesco]]></dc:creator>
		<pubDate>Thu, 27 Dec 2018 12:33:37 +0000</pubDate>
				<category><![CDATA[Road Trip]]></category>
		<guid isPermaLink="false">./../../../2018/12/27/the-ultimate-packing-list-for-campers-is-locked/index.html</guid>

					<description><![CDATA[
				Maecenas pharetra risus sit amet gravida fermentum. Mauris vitae magna maximus, tempus neque ac, feugiat velit. Etiam a enim nec quam fringilla cursus. In porttitor elit mi, at tempor lorem fringilla vitae. Proin in egestas purus. Cras vestibulum efficitur tempor. Morbi magna nisl, sollicitudin nec quam in, tempor convallis dolor. Nullam eu urna magna. Suspendisse&#8230;		]]></description>
										<content:encoded><![CDATA[
<div class=\"wp-block-uagb-advanced-heading uagb-block-73c598e3\"><p class=\"uagb-heading-text\">Maecenas pharetra risus sit amet gravida fermentum. Mauris vitae magna maximus, tempus neque ac, feugiat velit. Etiam a enim nec quam fringilla cursus. In porttitor elit mi, at tempor lorem fringilla vitae. Proin in egestas purus. Cras vestibulum efficitur tempor. Morbi magna nisl, sollicitudin nec quam in, tempor convallis dolor. Nullam eu urna magna. Suspendisse potenti. Fusce et dolor a turpis sollicitudin fermentum quis ac risus. Phasellus odio justo, auctor nec metus a, cursus rhoncus purus.  Etiam id ex at erat fermentum luctus maximus et justo. Aenean ultricies faucibus sagittis. Etiam ultrices mollis faucibus. Sed finibus neque nec eros posuere varius a a ante. Nulla euismod eget eros non posuere. </p></div>



<div class=\"wp-block-uagb-advanced-heading uagb-block-7c722061\"><p class=\"uagb-heading-text\">Etiam id ex at erat fermentum luctus maximus et justo. Aenean ultricies faucibus sagittis. Etiam ultrices mollis faucibus. Sed finibus neque nec eros posuere varius a a ante. Nulla euismod eget eros non posuere.</p></div>



<div class=\"wp-block-uagb-container uagb-block-3ce22234 default uagb-is-root-container\">
<div class=\"wp-block-uagb-blockquote uagb-block-06e760fc uagb-blockquote__skin-border uagb-blockquote__stack-img-none\"><blockquote class=\"uagb-blockquote\"><div class=\"uagb-blockquote__content\">Maecenas pharetra risus sit amet gravida fermentum. Mauris vitae magna maximus, tempus neque ac, feugiat velit. Etiam a enim nec quam fringilla cursus. In porttitor elit mi, at tempor lorem fringilla vitae. Proin in egestas purus. Cras vestibulum efficitur tempor. Morbi magna nisl, sollicitudin nec quam in</div><footer><div class=\"uagb-blockquote__author-wrap uagb-blockquote__author-at-left\"><cite class=\"uagb-blockquote__author\"><strong>&#8211; Max Franklinn</strong></cite></div></footer></blockquote></div>
</div>



<div class=\"wp-block-uagb-image uagb-block-bcb4f334 wp-block-uagb-image--layout-default wp-block-uagb-image--effect-static wp-block-uagb-image--align-none\"><figure class=\"wp-block-uagb-image__figure\"><img srcset=\"https://websitedemos.net/travel-08/wp-content/uploads/sites/698/2018/12/img03-free-img-1024x427.jpg \" src=\"https://websitedemos.net/travel-08/wp-content/uploads/sites/698/2018/12/img03-free-img-1024x427.jpg\" alt=\"\" class=\"uag-image-1653\" width=\"\" height=\"\" title=\"\" loading=\"lazy\"/></figure></div>



<div class=\"wp-block-uagb-advanced-heading uagb-block-296974f5\"><p class=\"uagb-heading-text\">Etiam id ex at erat fermentum luctus maximus et justo. Aenean ultricies faucibus sagittis. Etiam ultrices mollis faucibus. Sed finibus neque nec eros posuere varius a a ante. Nulla euismod eget eros non posuere. Aliquam vel felis porta, egestas massa nec, mattis neque. Sed egestas fringilla dolor sit amet ullamcorper. Pellentesque habitant morbi tristique senectus et netus et malesuada fames ac turpis egestas. Suspendisse lorem arcu, varius eu dapibus in, semper id nisl. Praesent sagittis quam non est rutrum, eu tempus dolor sodales. Nunc porttitor tempus rutrum. Aenean at sapien vel massa pellentesque pulvinar eget a erat. Ut ut est sed urna porta malesuada. Pellentesque feugiat nisl nisi, a tincidunt metus faucibus ut. In eu ex eget tortor blandit tincidunt. Pellentesque interdum consectetur augue vestibulum gravida.</p></div>
]]></content:encoded>
					
					<wfw:commentRss>./../../../2018/12/27/the-ultimate-packing-list-for-campers-is-locked/feed/index.html</wfw:commentRss>
			<slash:comments>0</slash:comments>
		
		
			</item>
		<item>
		<title>The Ultimate Road Trip Packing List</title>
		<link>./../../../2018/12/27/the-ultimate-road-trip-packing-list/index.html</link>
					<comments>./../../../2018/12/27/the-ultimate-road-trip-packing-list/index.html#respond</comments>
		
		<dc:creator><![CDATA[Francesco]]></dc:creator>
		<pubDate>Thu, 27 Dec 2018 12:31:30 +0000</pubDate>
				<category><![CDATA[Road Trip]]></category>
		<guid isPermaLink="false">./../../../2018/12/27/the-ultimate-road-trip-packing-list/index.html</guid>

					<description><![CDATA[
				Maecenas pharetra risus sit amet gravida fermentum. Mauris vitae magna maximus, tempus neque ac, feugiat velit. Etiam a enim nec quam fringilla cursus. In porttitor elit mi, at tempor lorem fringilla vitae. Proin in egestas purus. Cras vestibulum efficitur tempor. Morbi magna nisl, sollicitudin nec quam in, tempor convallis dolor. Nullam eu urna magna. Suspendisse&#8230;		]]></description>
										<content:encoded><![CDATA[
<div class=\"wp-block-uagb-advanced-heading uagb-block-06a4382c\"><p class=\"uagb-heading-text\">Maecenas pharetra risus sit amet gravida fermentum. Mauris vitae magna maximus, tempus neque ac, feugiat velit. Etiam a enim nec quam fringilla cursus. In porttitor elit mi, at tempor lorem fringilla vitae. Proin in egestas purus. Cras vestibulum efficitur tempor. Morbi magna nisl, sollicitudin nec quam in, tempor convallis dolor. Nullam eu urna magna. Suspendisse potenti. Fusce et dolor a turpis sollicitudin fermentum quis ac risus. Phasellus odio justo, auctor nec metus a, cursus rhoncus purus.  Etiam id ex at erat fermentum luctus maximus et justo. Aenean ultricies faucibus sagittis. Etiam ultrices mollis faucibus. Sed finibus neque nec eros posuere varius a a ante. Nulla euismod eget eros non posuere. </p></div>



<div class=\"wp-block-uagb-advanced-heading uagb-block-af7bc942\"><p class=\"uagb-heading-text\">Etiam id ex at erat fermentum luctus maximus et justo. Aenean ultricies faucibus sagittis. Etiam ultrices mollis faucibus. Sed finibus neque nec eros posuere varius a a ante. Nulla euismod eget eros non posuere.</p></div>



<div class=\"wp-block-uagb-container uagb-block-24f15181 default uagb-is-root-container\">
<div class=\"wp-block-uagb-blockquote uagb-block-75980cd5 uagb-blockquote__skin-border uagb-blockquote__stack-img-none\"><blockquote class=\"uagb-blockquote\"><div class=\"uagb-blockquote__content\">Maecenas pharetra risus sit amet gravida fermentum. Mauris vitae magna maximus, tempus neque ac, feugiat velit. Etiam a enim nec quam fringilla cursus. In porttitor elit mi, at tempor lorem fringilla vitae. Proin in egestas purus. Cras vestibulum efficitur tempor. Morbi magna nisl, sollicitudin nec quam in</div><footer><div class=\"uagb-blockquote__author-wrap uagb-blockquote__author-at-left\"><cite class=\"uagb-blockquote__author\"><strong>&#8211; Max Franklinn</strong></cite></div></footer></blockquote></div>
</div>



<div class=\"wp-block-uagb-image uagb-block-40b0e2fd wp-block-uagb-image--layout-default wp-block-uagb-image--effect-static wp-block-uagb-image--align-none\"><figure class=\"wp-block-uagb-image__figure\"><img srcset=\"https://websitedemos.net/travel-08/wp-content/uploads/sites/698/2018/12/hbanner04-free-img-1024x587.jpg , https://websitedemos.net/travel-08/wp-content/uploads/sites/698/2018/12/hbanner04-free-img-1024x587.jpg 360w\" src=\"https://websitedemos.net/travel-08/wp-content/uploads/sites/698/2018/12/hbanner04-free-img-1024x587.jpg\" alt=\"\" class=\"uag-image-1647\" width=\"\" height=\"\" title=\"\" loading=\"lazy\"/></figure></div>



<div class=\"wp-block-uagb-advanced-heading uagb-block-285b19d9\"><p class=\"uagb-heading-text\">Etiam id ex at erat fermentum luctus maximus et justo. Aenean ultricies faucibus sagittis. Etiam ultrices mollis faucibus. Sed finibus neque nec eros posuere varius a a ante. Nulla euismod eget eros non posuere. Aliquam vel felis porta, egestas massa nec, mattis neque. Sed egestas fringilla dolor sit amet ullamcorper. Pellentesque habitant morbi tristique senectus et netus et malesuada fames ac turpis egestas. Suspendisse lorem arcu, varius eu dapibus in, semper id nisl. Praesent sagittis quam non est rutrum, eu tempus dolor sodales. Nunc porttitor tempus rutrum. Aenean at sapien vel massa pellentesque pulvinar eget a erat. Ut ut est sed urna porta malesuada. Pellentesque feugiat nisl nisi, a tincidunt metus faucibus ut. In eu ex eget tortor blandit tincidunt. Pellentesque interdum consectetur augue vestibulum gravida.</p></div>
]]></content:encoded>
					
					<wfw:commentRss>./../../../2018/12/27/the-ultimate-road-trip-packing-list/feed/index.html</wfw:commentRss>
			<slash:comments>0</slash:comments>
		
		
			</item>
		<item>
		<title>Telluride, Colorado Travel Guide + Packing Tips</title>
		<link>./../../../2018/12/27/telluride-colorado-travel-guide-packing-tips/index.html</link>
					<comments>./../../../2018/12/27/telluride-colorado-travel-guide-packing-tips/index.html#respond</comments>
		
		<dc:creator><![CDATA[Francesco]]></dc:creator>
		<pubDate>Thu, 27 Dec 2018 12:21:02 +0000</pubDate>
				<category><![CDATA[Road Trip]]></category>
		<guid isPermaLink="false">./../../../2018/12/27/telluride-colorado-travel-guide-packing-tips/index.html</guid>

					<description><![CDATA[
				Maecenas pharetra risus sit amet gravida fermentum. Mauris vitae magna maximus, tempus neque ac, feugiat velit. Etiam a enim nec quam fringilla cursus. In porttitor elit mi, at tempor lorem fringilla vitae. Proin in egestas purus. Cras vestibulum efficitur tempor. Morbi magna nisl, sollicitudin nec quam in, tempor convallis dolor. Nullam eu urna magna. Suspendisse&#8230;		]]></description>
										<content:encoded><![CDATA[
<div class=\"wp-block-uagb-advanced-heading uagb-block-f27d3167\"><p class=\"uagb-heading-text\">Pellentesque habitant morbi tristique senectus et netus et malesuada fames ac turpis egestas. Suspendisse lorem arcu, varius eu dapibus in, semper id nisl. Praesent sagittis quam non est rutrum, eu tempus dolor sodales. Nunc porttitor tempus rutrum. Aenean at sapien vel massa pellentesque pulvinar eget a erat. Ut ut est sed urna porta malesuada. Pellentesque feugiat nisl nisi, a tincidunt metus faucibus ut. In eu ex eget tortor blandit tincidunt. Pellentesque interdum consectetur augue vestibulum gravida. </p></div>



<div class=\"wp-block-uagb-advanced-heading uagb-block-25b8f146\"><p class=\"uagb-heading-text\">Etiam id ex at erat fermentum luctus maximus et justo. Aenean ultricies faucibus sagittis. Etiam ultrices mollis faucibus. Sed finibus neque nec eros posuere varius a a ante. Nulla euismod eget eros non posuere.</p></div>



<div class=\"wp-block-uagb-container uagb-block-995d76d9 default uagb-is-root-container\">
<div class=\"wp-block-uagb-blockquote uagb-block-b0ed25c7 uagb-blockquote__skin-border uagb-blockquote__stack-img-none\"><blockquote class=\"uagb-blockquote\"><div class=\"uagb-blockquote__content\">Phasellus sem ipsum, pulvinar non ultricies eget, iaculis et orci. Pellentesque a nibh sit amet est congue eleifend at nec augue. Cras tempus congue magna nec consequat. </div><footer><div class=\"uagb-blockquote__author-wrap uagb-blockquote__author-at-left\"><cite class=\"uagb-blockquote__author\"><strong>&#8211; Hawk Lee</strong></cite></div></footer></blockquote></div>
</div>



<div class=\"wp-block-uagb-image uagb-block-5965f4a5 wp-block-uagb-image--layout-default wp-block-uagb-image--effect-static wp-block-uagb-image--align-none\"><figure class=\"wp-block-uagb-image__figure\"><img srcset=\"https://websitedemos.net/travel-08/wp-content/uploads/sites/698/2018/12/hbanner-02-free-img-1024x587.jpg \" src=\"https://websitedemos.net/travel-08/wp-content/uploads/sites/698/2018/12/hbanner-02-free-img-1024x587.jpg\" alt=\"\" class=\"uag-image-1646\" width=\"1024\" height=\"587\" title=\"\" loading=\"lazy\"/></figure></div>



<div class=\"wp-block-uagb-advanced-heading uagb-block-52d93d9c\"><p class=\"uagb-heading-text\">Etiam id ex at erat fermentum luctus maximus et justo. Aenean ultricies faucibus sagittis. Etiam ultrices mollis faucibus. Sed finibus neque nec eros posuere varius a a ante. Nulla euismod eget eros non posuere. Aliquam vel felis porta, egestas massa nec, mattis neque. Sed egestas fringilla dolor sit amet ullamcorper. Pellentesque habitant morbi tristique senectus et netus et malesuada fames ac turpis egestas. Suspendisse lorem arcu, varius eu dapibus in, semper id nisl. Praesent sagittis quam non est rutrum, eu tempus dolor sodales. Nunc porttitor tempus rutrum. Aenean at sapien vel massa pellentesque pulvinar eget a erat. Ut ut est sed urna porta malesuada. Pellentesque feugiat nisl nisi, a tincidunt metus faucibus ut. In eu ex eget tortor blandit tincidunt. Pellentesque interdum consectetur augue vestibulum gravida.</p></div>
]]></content:encoded>
					
					<wfw:commentRss>./../../../2018/12/27/telluride-colorado-travel-guide-packing-tips/feed/index.html</wfw:commentRss>
			<slash:comments>0</slash:comments>
		
		
			</item>
	</channel>
</rss>
