<?xml version="1.0" encoding="UTF-8"?><rss version="2.0"
	xmlns:content="http://purl.org/rss/1.0/modules/content/"
	xmlns:wfw="http://wellformedweb.org/CommentAPI/"
	xmlns:dc="http://purl.org/dc/elements/1.1/"
	xmlns:atom="http://www.w3.org/2005/Atom"
	xmlns:sy="http://purl.org/rss/1.0/modules/syndication/"
	xmlns:slash="http://purl.org/rss/1.0/modules/slash/"
	>

<channel>
	<title>Esercizio0103</title>
	<atom:link href="http://localhost/esercizio0103/feed/?simply_static_page=167" rel="self" type="application/rss+xml" />
	<link>./../index.html</link>
	<description></description>
	<lastBuildDate>Wed, 01 Mar 2023 15:34:43 +0000</lastBuildDate>
	<language>it-IT</language>
	<sy:updatePeriod>
	hourly	</sy:updatePeriod>
	<sy:updateFrequency>
	1	</sy:updateFrequency>
	<generator>https://wordpress.org/?v=6.1.1</generator>
	<item>
		<title>Mexico &#038; Clouds</title>
		<link>./../2023/03/01/mexico-clouds-2/index.html</link>
					<comments>./../2023/03/01/mexico-clouds-2/index.html#respond</comments>
		
		<dc:creator><![CDATA[Francesco]]></dc:creator>
		<pubDate>Wed, 01 Mar 2023 15:30:46 +0000</pubDate>
				<category><![CDATA[Senza categoria]]></category>
		<guid isPermaLink="false">./../index.html?p=2238</guid>

					<description><![CDATA[]]></description>
										<content:encoded><![CDATA[
<div class="wp-block-uagb-advanced-heading uagb-block-fac6bd6b"><h2 class="uagb-heading-text"><strong>Mexico &amp; Clouds</strong></h2></div>



<div class="wp-block-uagb-image uagb-block-96f85095 wp-block-uagb-image--layout-default wp-block-uagb-image--effect-static wp-block-uagb-image--align-none"><figure class="wp-block-uagb-image__figure"><img decoding="async" srcset="https://live.staticflickr.com/3097/2814141061_c2b74c5294_b.jpg " src="https://live.staticflickr.com/3097/2814141061_c2b74c5294_b.jpg" alt="" title="" loading="lazy"/></figure></div>



<div class="wp-block-uagb-blockquote uagb-block-099e73e4 uagb-blockquote__skin-quotation uagb-blockquote__align-left uagb-blockquote__style-style_2 uagb-blockquote__with-tweet uagb-blockquote__tweet-style-classic uagb-blockquote__tweet-icon_text uagb-blockquote__stack-img-none"><blockquote class="uagb-blockquote"><span class="uagb-blockquote__icon"><svg width="20" height="20" viewBox="0 0 32 32"><path d="M7.031 14c3.866 0 7 3.134 7 7s-3.134 7-7 7-7-3.134-7-7l-0.031-1c0-7.732 6.268-14 14-14v4c-2.671 0-5.182 1.040-7.071 2.929-0.364 0.364-0.695 0.751-0.995 1.157 0.357-0.056 0.724-0.086 1.097-0.086zM25.031 14c3.866 0 7 3.134 7 7s-3.134 7-7 7-7-3.134-7-7l-0.031-1c0-7.732 6.268-14 14-14v4c-2.671 0-5.182 1.040-7.071 2.929-0.364 0.364-0.695 0.751-0.995 1.157 0.358-0.056 0.724-0.086 1.097-0.086z"></path></svg></span><div class="uagb-blockquote__content">Lorem ipsum dolor sit amet, consectetur adipiscing elit. Ut elit tellus, luctus nec ullamcorper mattis, pulvinar dapibus leo.</div><footer><div class="uagb-blockquote__author-wrap uagb-blockquote__author-at-left"><cite class="uagb-blockquote__author">Author Name</cite></div><a href="/" class="uagb-blockquote__tweet-button" target="_blank" rel="noopener noreferrer"><svg width="20" height="20" viewBox="0 0 512 512"><path d="M459.37 151.716c.325 4.548.325 9.097.325 13.645 0 138.72-105.583 298.558-298.558 298.558-59.452 0-114.68-17.219-161.137-47.106 8.447.974 16.568 1.299 25.34 1.299 49.055 0 94.213-16.568 130.274-44.832-46.132-.975-84.792-31.188-98.112-72.772 6.498.974 12.995 1.624 19.818 1.624 9.421 0 18.843-1.3 27.614-3.573-48.081-9.747-84.143-51.98-84.143-102.985v-1.299c13.969 7.797 30.214 12.67 47.431 13.319-28.264-18.843-46.781-51.005-46.781-87.391 0-19.492 5.197-37.36 14.294-52.954 51.655 63.675 129.3 105.258 216.365 109.807-1.624-7.797-2.599-15.918-2.599-24.04 0-57.828 46.782-104.934 104.934-104.934 30.213 0 57.502 12.67 76.67 33.137 23.715-4.548 46.456-13.32 66.599-25.34-7.798 24.366-24.366 44.833-46.132 57.827 21.117-2.273 41.584-8.122 60.426-16.243-14.292 20.791-32.161 39.308-52.628 54.253z"></path></svg>Tweet</a></footer></blockquote></div>
]]></content:encoded>
					
					<wfw:commentRss>./../2023/03/01/mexico-clouds-2/feed/index.html</wfw:commentRss>
			<slash:comments>0</slash:comments>
		
		
			</item>
		<item>
		<title>Mexico pyramids</title>
		<link>./../2023/03/01/mexico-clouds/index.html</link>
					<comments>./../2023/03/01/mexico-clouds/index.html#respond</comments>
		
		<dc:creator><![CDATA[Francesco]]></dc:creator>
		<pubDate>Wed, 01 Mar 2023 14:36:25 +0000</pubDate>
				<category><![CDATA[Adventure place]]></category>
		<category><![CDATA[Destinations]]></category>
		<category><![CDATA[Mexico]]></category>
		<guid isPermaLink="false">./../index.html?p=2212</guid>

					<description><![CDATA[]]></description>
										<content:encoded><![CDATA[
<div class="wp-block-uagb-advanced-heading uagb-block-afdf5c5f"><h2 class="uagb-heading-text">Mexico Pyramids</h2></div>



<div class="wp-block-uagb-image uagb-block-a30b48c1 wp-block-uagb-image--layout-default wp-block-uagb-image--effect-static wp-block-uagb-image--align-none"><figure class="wp-block-uagb-image__figure"><img decoding="async" srcset="./../wp-content/uploads/2023/03/chichen-itza-mexico-pyramid-1025099-1024x618.jpg " src="./../wp-content/uploads/2023/03/chichen-itza-mexico-pyramid-1025099-1024x618.jpg" alt="chichen itza, mexico, pyramid-1025099.jpg" class="uag-image-2222" width="" height="" title="" loading="lazy"/></figure></div>



<div class="wp-block-uagb-blockquote uagb-block-a35ddb45 uagb-blockquote__skin-quotation uagb-blockquote__align-left uagb-blockquote__style-style_2 uagb-blockquote__with-tweet uagb-blockquote__tweet-style-classic uagb-blockquote__tweet-icon_text uagb-blockquote__stack-img-none"><blockquote class="uagb-blockquote"><span class="uagb-blockquote__icon"><svg width="20" height="20" viewBox="0 0 32 32"><path d="M7.031 14c3.866 0 7 3.134 7 7s-3.134 7-7 7-7-3.134-7-7l-0.031-1c0-7.732 6.268-14 14-14v4c-2.671 0-5.182 1.040-7.071 2.929-0.364 0.364-0.695 0.751-0.995 1.157 0.357-0.056 0.724-0.086 1.097-0.086zM25.031 14c3.866 0 7 3.134 7 7s-3.134 7-7 7-7-3.134-7-7l-0.031-1c0-7.732 6.268-14 14-14v4c-2.671 0-5.182 1.040-7.071 2.929-0.364 0.364-0.695 0.751-0.995 1.157 0.358-0.056 0.724-0.086 1.097-0.086z"></path></svg></span><div class="uagb-blockquote__content">Lorem ipsum dolor sit amet, consectetur adipiscing elit. Ut elit tellus, luctus nec ullamcorper mattis, pulvinar dapibus leo.</div><footer><div class="uagb-blockquote__author-wrap uagb-blockquote__author-at-left"><cite class="uagb-blockquote__author">Author Name</cite></div><a href="/" class="uagb-blockquote__tweet-button" target="_blank" rel="noopener noreferrer"><svg width="20" height="20" viewBox="0 0 512 512"><path d="M459.37 151.716c.325 4.548.325 9.097.325 13.645 0 138.72-105.583 298.558-298.558 298.558-59.452 0-114.68-17.219-161.137-47.106 8.447.974 16.568 1.299 25.34 1.299 49.055 0 94.213-16.568 130.274-44.832-46.132-.975-84.792-31.188-98.112-72.772 6.498.974 12.995 1.624 19.818 1.624 9.421 0 18.843-1.3 27.614-3.573-48.081-9.747-84.143-51.98-84.143-102.985v-1.299c13.969 7.797 30.214 12.67 47.431 13.319-28.264-18.843-46.781-51.005-46.781-87.391 0-19.492 5.197-37.36 14.294-52.954 51.655 63.675 129.3 105.258 216.365 109.807-1.624-7.797-2.599-15.918-2.599-24.04 0-57.828 46.782-104.934 104.934-104.934 30.213 0 57.502 12.67 76.67 33.137 23.715-4.548 46.456-13.32 66.599-25.34-7.798 24.366-24.366 44.833-46.132 57.827 21.117-2.273 41.584-8.122 60.426-16.243-14.292 20.791-32.161 39.308-52.628 54.253z"></path></svg>Tweet</a></footer></blockquote></div>
]]></content:encoded>
					
					<wfw:commentRss>./../2023/03/01/mexico-clouds/feed/index.html</wfw:commentRss>
			<slash:comments>0</slash:comments>
		
		
			</item>
		<item>
		<title>Costa Rica Waterfalls</title>
		<link>./../2023/03/01/costa-rica-waterfalls/index.html</link>
					<comments>./../2023/03/01/costa-rica-waterfalls/index.html#respond</comments>
		
		<dc:creator><![CDATA[Francesco]]></dc:creator>
		<pubDate>Wed, 01 Mar 2023 14:27:28 +0000</pubDate>
				<category><![CDATA[Adventure place]]></category>
		<category><![CDATA[Costa Rica]]></category>
		<category><![CDATA[Destinations]]></category>
		<category><![CDATA[Nature]]></category>
		<guid isPermaLink="false">./../index.html?p=2218</guid>

					<description><![CDATA[]]></description>
										<content:encoded><![CDATA[
<div class="wp-block-uagb-advanced-heading uagb-block-ac91b84b"><h2 class="uagb-heading-text">Your Attractive Heading</h2></div>



<div class="wp-block-uagb-image uagb-block-7b1b612b wp-block-uagb-image--layout-default wp-block-uagb-image--effect-static wp-block-uagb-image--align-none"><figure class="wp-block-uagb-image__figure"><img decoding="async" srcset="./../wp-content/uploads/2018/12/hbanner-02-free-img-1024x587.jpg " src="./../wp-content/uploads/2018/12/hbanner-02-free-img-1024x587.jpg" alt="" class="uag-image-1646" width="" height="" title="" loading="lazy"/></figure></div>



<div class="wp-block-uagb-info-box uagb-block-a5e12f52 uagb-infobox__content-wrap  uagb-infobox-icon-above-title uagb-infobox-image-valign-top"><div class="uagb-ifb-content"><div class="uagb-ifb-icon-wrap"><svg xmlns="https://www.w3.org/2000/svg" viewBox="0 0 512 512"><path d="M0 256C0 114.6 114.6 0 256 0C397.4 0 512 114.6 512 256C512 397.4 397.4 512 256 512C114.6 512 0 397.4 0 256zM371.8 211.8C382.7 200.9 382.7 183.1 371.8 172.2C360.9 161.3 343.1 161.3 332.2 172.2L224 280.4L179.8 236.2C168.9 225.3 151.1 225.3 140.2 236.2C129.3 247.1 129.3 264.9 140.2 275.8L204.2 339.8C215.1 350.7 232.9 350.7 243.8 339.8L371.8 211.8z"></path></svg></div><div class="uagb-ifb-title-wrap"><h3 class="uagb-ifb-title">Travel tips</h3></div><p class="uagb-ifb-desc">Click here to change this text. Lorem ipsum dolor sit amet, consectetur adipiscing elit. Ut elit tellus, luctus nec ullamcorper mattis, pulvinar dapibus leo.</p></div></div>
]]></content:encoded>
					
					<wfw:commentRss>./../2023/03/01/costa-rica-waterfalls/feed/index.html</wfw:commentRss>
			<slash:comments>0</slash:comments>
		
		
			</item>
		<item>
		<title>Ciao mondo!</title>
		<link>./../2023/03/01/ciao-mondo/index.html</link>
					<comments>./../2023/03/01/ciao-mondo/index.html#comments</comments>
		
		<dc:creator><![CDATA[Francesco]]></dc:creator>
		<pubDate>Wed, 01 Mar 2023 13:18:00 +0000</pubDate>
				<category><![CDATA[Senza categoria]]></category>
		<guid isPermaLink="false">./../index.html?p=1</guid>

					<description><![CDATA[Ti diamo il benvenuto in WordPress. Questo è il tuo primo articolo. Modificalo o eliminalo e quindi inizia a scrivere!]]></description>
										<content:encoded><![CDATA[
<p>Ti diamo il benvenuto in WordPress. Questo è il tuo primo articolo. Modificalo o eliminalo e quindi inizia a scrivere!</p>
]]></content:encoded>
					
					<wfw:commentRss>./../2023/03/01/ciao-mondo/feed/index.html</wfw:commentRss>
			<slash:comments>1</slash:comments>
		
		
			</item>
		<item>
		<title>My go-to ways to get more off the beaten track while traveling</title>
		<link>./../2019/05/06/my-go-to-ways-to-get-more-off-the-beaten-track-while-traveling/index.html</link>
					<comments>./../2019/05/06/my-go-to-ways-to-get-more-off-the-beaten-track-while-traveling/index.html#respond</comments>
		
		<dc:creator><![CDATA[Francesco]]></dc:creator>
		<pubDate>Mon, 06 May 2019 09:00:24 +0000</pubDate>
				<category><![CDATA[Adventure place]]></category>
		<guid isPermaLink="false">./../2019/05/06/my-go-to-ways-to-get-more-off-the-beaten-track-while-traveling/index.html</guid>

					<description><![CDATA[]]></description>
										<content:encoded><![CDATA[
<div class=\"wp-block-uagb-advanced-heading uagb-block-8a7cc223\"><p class=\"uagb-heading-text\">Maecenas pharetra risus sit amet gravida fermentum. Mauris vitae magna maximus, tempus neque ac, feugiat velit. Etiam a enim nec quam fringilla cursus. In porttitor elit mi, at tempor lorem fringilla vitae. Proin in egestas purus. Cras vestibulum efficitur tempor. Morbi magna nisl, sollicitudin nec quam in, tempor convallis dolor. Nullam eu urna magna. Suspendisse potenti. Fusce et dolor a turpis sollicitudin fermentum quis ac risus. Phasellus odio justo, auctor nec metus a, cursus rhoncus purus.  Etiam id ex at erat fermentum luctus maximus et justo. Aenean ultricies faucibus sagittis. Etiam ultrices mollis faucibus. Sed finibus neque nec eros posuere varius a a ante. Nulla euismod eget eros non posuere.  </p></div>



<div class=\"wp-block-uagb-advanced-heading uagb-block-abc2099f\"><p class=\"uagb-heading-text\">Etiam id ex at erat fermentum luctus maximus et justo. Aenean ultricies faucibus sagittis. Etiam ultrices mollis faucibus. Sed finibus neque nec eros posuere varius a a ante. Nulla euismod eget eros non posuere. </p></div>



<div class=\"wp-block-uagb-container uagb-block-bdf0419b default uagb-is-root-container\">
<div class=\"wp-block-uagb-blockquote uagb-block-6a3f60bb uagb-blockquote__skin-border uagb-blockquote__stack-img-none\"><blockquote class=\"uagb-blockquote\"><div class=\"uagb-blockquote__content\">Maecenas pharetra risus sit amet gravida fermentum. Mauris vitae magna maximus, tempus neque ac, feugiat velit. Etiam a enim nec quam fringilla cursus. In porttitor elit mi, at tempor lorem fringilla vitae. Proin in egestas purus. Cras vestibulum efficitur tempor. Morbi magna nisl, sollicitudin nec quam in </div><footer><div class=\"uagb-blockquote__author-wrap uagb-blockquote__author-at-left\"><cite class=\"uagb-blockquote__author\"> <strong>&#8211; Max Franklinn</strong> </cite></div></footer></blockquote></div>
</div>



<div class=\"wp-block-uagb-advanced-heading uagb-block-6bac5612\"><p class=\"uagb-heading-text\">Etiam id ex at erat fermentum luctus maximus et justo. Aenean ultricies faucibus sagittis. Etiam ultrices mollis faucibus. Sed finibus neque nec eros posuere varius a a ante. Nulla euismod eget eros non posuere. Aliquam vel felis porta, egestas massa nec, mattis neque. Sed egestas fringilla dolor sit amet ullamcorper. Pellentesque habitant morbi tristique senectus et netus et malesuada fames ac turpis egestas. Suspendisse lorem arcu, varius eu dapibus in, semper id nisl. Praesent sagittis quam non est rutrum, eu tempus dolor sodales. Nunc porttitor tempus rutrum. Aenean at sapien vel massa pellentesque pulvinar eget a erat. Ut ut est sed urna porta malesuada. Pellentesque feugiat nisl nisi, a tincidunt metus faucibus ut. In eu ex eget tortor blandit tincidunt. Pellentesque interdum consectetur augue vestibulum gravida.  </p></div>
]]></content:encoded>
					
					<wfw:commentRss>./../2019/05/06/my-go-to-ways-to-get-more-off-the-beaten-track-while-traveling/feed/index.html</wfw:commentRss>
			<slash:comments>0</slash:comments>
		
		
			</item>
		<item>
		<title>“The Ultimate Packing List for Campers” is locked</title>
		<link>./../2018/12/27/the-ultimate-packing-list-for-campers-is-locked/index.html</link>
					<comments>./../2018/12/27/the-ultimate-packing-list-for-campers-is-locked/index.html#respond</comments>
		
		<dc:creator><![CDATA[Francesco]]></dc:creator>
		<pubDate>Thu, 27 Dec 2018 12:33:37 +0000</pubDate>
				<category><![CDATA[Road Trip]]></category>
		<guid isPermaLink="false">./../2018/12/27/the-ultimate-packing-list-for-campers-is-locked/index.html</guid>

					<description><![CDATA[
				Maecenas pharetra risus sit amet gravida fermentum. Mauris vitae magna maximus, tempus neque ac, feugiat velit. Etiam a enim nec quam fringilla cursus. In porttitor elit mi, at tempor lorem fringilla vitae. Proin in egestas purus. Cras vestibulum efficitur tempor. Morbi magna nisl, sollicitudin nec quam in, tempor convallis dolor. Nullam eu urna magna. Suspendisse&#8230;		]]></description>
										<content:encoded><![CDATA[
<div class=\"wp-block-uagb-advanced-heading uagb-block-73c598e3\"><p class=\"uagb-heading-text\">Maecenas pharetra risus sit amet gravida fermentum. Mauris vitae magna maximus, tempus neque ac, feugiat velit. Etiam a enim nec quam fringilla cursus. In porttitor elit mi, at tempor lorem fringilla vitae. Proin in egestas purus. Cras vestibulum efficitur tempor. Morbi magna nisl, sollicitudin nec quam in, tempor convallis dolor. Nullam eu urna magna. Suspendisse potenti. Fusce et dolor a turpis sollicitudin fermentum quis ac risus. Phasellus odio justo, auctor nec metus a, cursus rhoncus purus.  Etiam id ex at erat fermentum luctus maximus et justo. Aenean ultricies faucibus sagittis. Etiam ultrices mollis faucibus. Sed finibus neque nec eros posuere varius a a ante. Nulla euismod eget eros non posuere. </p></div>



<div class=\"wp-block-uagb-advanced-heading uagb-block-7c722061\"><p class=\"uagb-heading-text\">Etiam id ex at erat fermentum luctus maximus et justo. Aenean ultricies faucibus sagittis. Etiam ultrices mollis faucibus. Sed finibus neque nec eros posuere varius a a ante. Nulla euismod eget eros non posuere.</p></div>



<div class=\"wp-block-uagb-container uagb-block-3ce22234 default uagb-is-root-container\">
<div class=\"wp-block-uagb-blockquote uagb-block-06e760fc uagb-blockquote__skin-border uagb-blockquote__stack-img-none\"><blockquote class=\"uagb-blockquote\"><div class=\"uagb-blockquote__content\">Maecenas pharetra risus sit amet gravida fermentum. Mauris vitae magna maximus, tempus neque ac, feugiat velit. Etiam a enim nec quam fringilla cursus. In porttitor elit mi, at tempor lorem fringilla vitae. Proin in egestas purus. Cras vestibulum efficitur tempor. Morbi magna nisl, sollicitudin nec quam in</div><footer><div class=\"uagb-blockquote__author-wrap uagb-blockquote__author-at-left\"><cite class=\"uagb-blockquote__author\"><strong>&#8211; Max Franklinn</strong></cite></div></footer></blockquote></div>
</div>



<div class=\"wp-block-uagb-image uagb-block-bcb4f334 wp-block-uagb-image--layout-default wp-block-uagb-image--effect-static wp-block-uagb-image--align-none\"><figure class=\"wp-block-uagb-image__figure\"><img srcset=\"https://websitedemos.net/travel-08/wp-content/uploads/sites/698/2018/12/img03-free-img-1024x427.jpg \" src=\"https://websitedemos.net/travel-08/wp-content/uploads/sites/698/2018/12/img03-free-img-1024x427.jpg\" alt=\"\" class=\"uag-image-1653\" width=\"\" height=\"\" title=\"\" loading=\"lazy\"/></figure></div>



<div class=\"wp-block-uagb-advanced-heading uagb-block-296974f5\"><p class=\"uagb-heading-text\">Etiam id ex at erat fermentum luctus maximus et justo. Aenean ultricies faucibus sagittis. Etiam ultrices mollis faucibus. Sed finibus neque nec eros posuere varius a a ante. Nulla euismod eget eros non posuere. Aliquam vel felis porta, egestas massa nec, mattis neque. Sed egestas fringilla dolor sit amet ullamcorper. Pellentesque habitant morbi tristique senectus et netus et malesuada fames ac turpis egestas. Suspendisse lorem arcu, varius eu dapibus in, semper id nisl. Praesent sagittis quam non est rutrum, eu tempus dolor sodales. Nunc porttitor tempus rutrum. Aenean at sapien vel massa pellentesque pulvinar eget a erat. Ut ut est sed urna porta malesuada. Pellentesque feugiat nisl nisi, a tincidunt metus faucibus ut. In eu ex eget tortor blandit tincidunt. Pellentesque interdum consectetur augue vestibulum gravida.</p></div>
]]></content:encoded>
					
					<wfw:commentRss>./../2018/12/27/the-ultimate-packing-list-for-campers-is-locked/feed/index.html</wfw:commentRss>
			<slash:comments>0</slash:comments>
		
		
			</item>
		<item>
		<title>The Ultimate Road Trip Packing List</title>
		<link>./../2018/12/27/the-ultimate-road-trip-packing-list/index.html</link>
					<comments>./../2018/12/27/the-ultimate-road-trip-packing-list/index.html#respond</comments>
		
		<dc:creator><![CDATA[Francesco]]></dc:creator>
		<pubDate>Thu, 27 Dec 2018 12:31:30 +0000</pubDate>
				<category><![CDATA[Road Trip]]></category>
		<guid isPermaLink="false">./../2018/12/27/the-ultimate-road-trip-packing-list/index.html</guid>

					<description><![CDATA[
				Maecenas pharetra risus sit amet gravida fermentum. Mauris vitae magna maximus, tempus neque ac, feugiat velit. Etiam a enim nec quam fringilla cursus. In porttitor elit mi, at tempor lorem fringilla vitae. Proin in egestas purus. Cras vestibulum efficitur tempor. Morbi magna nisl, sollicitudin nec quam in, tempor convallis dolor. Nullam eu urna magna. Suspendisse&#8230;		]]></description>
										<content:encoded><![CDATA[
<div class=\"wp-block-uagb-advanced-heading uagb-block-06a4382c\"><p class=\"uagb-heading-text\">Maecenas pharetra risus sit amet gravida fermentum. Mauris vitae magna maximus, tempus neque ac, feugiat velit. Etiam a enim nec quam fringilla cursus. In porttitor elit mi, at tempor lorem fringilla vitae. Proin in egestas purus. Cras vestibulum efficitur tempor. Morbi magna nisl, sollicitudin nec quam in, tempor convallis dolor. Nullam eu urna magna. Suspendisse potenti. Fusce et dolor a turpis sollicitudin fermentum quis ac risus. Phasellus odio justo, auctor nec metus a, cursus rhoncus purus.  Etiam id ex at erat fermentum luctus maximus et justo. Aenean ultricies faucibus sagittis. Etiam ultrices mollis faucibus. Sed finibus neque nec eros posuere varius a a ante. Nulla euismod eget eros non posuere. </p></div>



<div class=\"wp-block-uagb-advanced-heading uagb-block-af7bc942\"><p class=\"uagb-heading-text\">Etiam id ex at erat fermentum luctus maximus et justo. Aenean ultricies faucibus sagittis. Etiam ultrices mollis faucibus. Sed finibus neque nec eros posuere varius a a ante. Nulla euismod eget eros non posuere.</p></div>



<div class=\"wp-block-uagb-container uagb-block-24f15181 default uagb-is-root-container\">
<div class=\"wp-block-uagb-blockquote uagb-block-75980cd5 uagb-blockquote__skin-border uagb-blockquote__stack-img-none\"><blockquote class=\"uagb-blockquote\"><div class=\"uagb-blockquote__content\">Maecenas pharetra risus sit amet gravida fermentum. Mauris vitae magna maximus, tempus neque ac, feugiat velit. Etiam a enim nec quam fringilla cursus. In porttitor elit mi, at tempor lorem fringilla vitae. Proin in egestas purus. Cras vestibulum efficitur tempor. Morbi magna nisl, sollicitudin nec quam in</div><footer><div class=\"uagb-blockquote__author-wrap uagb-blockquote__author-at-left\"><cite class=\"uagb-blockquote__author\"><strong>&#8211; Max Franklinn</strong></cite></div></footer></blockquote></div>
</div>



<div class=\"wp-block-uagb-image uagb-block-40b0e2fd wp-block-uagb-image--layout-default wp-block-uagb-image--effect-static wp-block-uagb-image--align-none\"><figure class=\"wp-block-uagb-image__figure\"><img srcset=\"https://websitedemos.net/travel-08/wp-content/uploads/sites/698/2018/12/hbanner04-free-img-1024x587.jpg , https://websitedemos.net/travel-08/wp-content/uploads/sites/698/2018/12/hbanner04-free-img-1024x587.jpg 360w\" src=\"https://websitedemos.net/travel-08/wp-content/uploads/sites/698/2018/12/hbanner04-free-img-1024x587.jpg\" alt=\"\" class=\"uag-image-1647\" width=\"\" height=\"\" title=\"\" loading=\"lazy\"/></figure></div>



<div class=\"wp-block-uagb-advanced-heading uagb-block-285b19d9\"><p class=\"uagb-heading-text\">Etiam id ex at erat fermentum luctus maximus et justo. Aenean ultricies faucibus sagittis. Etiam ultrices mollis faucibus. Sed finibus neque nec eros posuere varius a a ante. Nulla euismod eget eros non posuere. Aliquam vel felis porta, egestas massa nec, mattis neque. Sed egestas fringilla dolor sit amet ullamcorper. Pellentesque habitant morbi tristique senectus et netus et malesuada fames ac turpis egestas. Suspendisse lorem arcu, varius eu dapibus in, semper id nisl. Praesent sagittis quam non est rutrum, eu tempus dolor sodales. Nunc porttitor tempus rutrum. Aenean at sapien vel massa pellentesque pulvinar eget a erat. Ut ut est sed urna porta malesuada. Pellentesque feugiat nisl nisi, a tincidunt metus faucibus ut. In eu ex eget tortor blandit tincidunt. Pellentesque interdum consectetur augue vestibulum gravida.</p></div>
]]></content:encoded>
					
					<wfw:commentRss>./../2018/12/27/the-ultimate-road-trip-packing-list/feed/index.html</wfw:commentRss>
			<slash:comments>0</slash:comments>
		
		
			</item>
		<item>
		<title>What to see in Bali: 9 Off The Path Bali highlights for adventurers!</title>
		<link>./../2018/12/27/the-best-camera-lenses-for-travel-photography-in-2019-2/index.html</link>
					<comments>./../2018/12/27/the-best-camera-lenses-for-travel-photography-in-2019-2/index.html#respond</comments>
		
		<dc:creator><![CDATA[Francesco]]></dc:creator>
		<pubDate>Thu, 27 Dec 2018 12:25:50 +0000</pubDate>
				<category><![CDATA[Adventure place]]></category>
		<guid isPermaLink="false">./../2018/12/27/the-best-camera-lenses-for-travel-photography-in-2019-2/index.html</guid>

					<description><![CDATA[
				Maecenas pharetra risus sit amet gravida fermentum. Mauris vitae magna maximus, tempus neque ac, feugiat velit. Etiam a enim nec quam fringilla cursus. In porttitor elit mi, at tempor lorem fringilla vitae. Proin in egestas purus. Cras vestibulum efficitur tempor. Morbi magna nisl, sollicitudin nec quam in, tempor convallis dolor. Nullam eu urna magna. Suspendisse&#8230;		]]></description>
										<content:encoded><![CDATA[
<div class=\"wp-block-uagb-advanced-heading uagb-block-7475fa37\"><p class=\"uagb-heading-text\">Etiam id ex at erat fermentum luctus maximus et justo. Aenean ultricies faucibus sagittis. Etiam ultrices mollis faucibus. Sed finibus neque nec eros posuere varius a a ante. Nulla euismod eget eros non posuere. Aliquam vel felis porta, egestas massa nec, mattis neque. Sed egestas fringilla dolor sit amet ullamcorper. Pellentesque habitant morbi tristique senectus et netus et malesuada fames ac turpis egestas. Suspendisse lorem arcu, varius eu dapibus in, semper id nisl. Praesent sagittis quam non est rutrum, eu tempus dolor sodales. Nunc porttitor tempus rutrum. Aenean at sapien vel massa pellentesque pulvinar eget a erat. Ut ut est sed urna porta malesuada. Pellentesque feugiat nisl nisi, a tincidunt metus faucibus ut. In eu ex eget tortor blandit tincidunt. Pellentesque interdum consectetur augue vestibulum gravida. </p></div>



<div class=\"wp-block-uagb-advanced-heading uagb-block-ea7a3d88\"><p class=\"uagb-heading-text\">Etiam id ex at erat fermentum luctus maximus et justo. Aenean ultricies faucibus sagittis. Etiam ultrices mollis faucibus. Sed finibus neque nec eros posuere varius a a ante. Nulla euismod eget eros non posuere.</p></div>



<div class=\"wp-block-uagb-container uagb-block-022de3d8 default uagb-is-root-container\">
<div class=\"wp-block-uagb-blockquote uagb-block-63094027 uagb-blockquote__skin-border uagb-blockquote__stack-img-none\"><blockquote class=\"uagb-blockquote\"><div class=\"uagb-blockquote__content\">Nullam urna turpis, facilisis ut nunc vel, molestie ornare turpis. Integer ultrices magna sed justo mollis tempor. Lorem ipsum dolor sit amet, consectetur adipiscing elit. </div><footer><div class=\"uagb-blockquote__author-wrap uagb-blockquote__author-at-left\"><cite class=\"uagb-blockquote__author\"><strong>&#8211; Chan Yong</strong></cite></div></footer></blockquote></div>
</div>



<div class=\"wp-block-uagb-image uagb-block-e0951fe6 wp-block-uagb-image--layout-default wp-block-uagb-image--effect-static wp-block-uagb-image--align-none\"><figure class=\"wp-block-uagb-image__figure\"><img srcset=\"https://websitedemos.net/travel-08/wp-content/uploads/sites/698/2018/12/hdgirl-free-img-1024x384.jpg \" src=\"https://websitedemos.net/travel-08/wp-content/uploads/sites/698/2018/12/hdgirl-free-img-1024x384.jpg\" alt=\"\" class=\"uag-image-1648\" width=\"\" height=\"\" title=\"\" loading=\"lazy\"/></figure></div>



<div class=\"wp-block-uagb-advanced-heading uagb-block-fb05eb85\"><p class=\"uagb-heading-text\">Etiam id ex at erat fermentum luctus maximus et justo. Aenean ultricies faucibus sagittis. Etiam ultrices mollis faucibus. Sed finibus neque nec eros posuere varius a a ante. Nulla euismod eget eros non posuere. Aliquam vel felis porta, egestas massa nec, mattis neque. Sed egestas fringilla dolor sit amet ullamcorper. Pellentesque habitant morbi tristique senectus et netus et malesuada fames ac turpis egestas. Suspendisse lorem arcu, varius eu dapibus in, semper id nisl. Praesent sagittis quam non est rutrum, eu tempus dolor sodales. Nunc porttitor tempus rutrum. Aenean at sapien vel massa pellentesque pulvinar eget a erat. Ut ut est sed urna porta malesuada. Pellentesque feugiat nisl nisi, a tincidunt metus faucibus ut. In eu ex eget tortor blandit tincidunt. Pellentesque interdum consectetur augue vestibulum gravida.</p></div>
]]></content:encoded>
					
					<wfw:commentRss>./../2018/12/27/the-best-camera-lenses-for-travel-photography-in-2019-2/feed/index.html</wfw:commentRss>
			<slash:comments>0</slash:comments>
		
		
			</item>
		<item>
		<title>Telluride, Colorado Travel Guide + Packing Tips</title>
		<link>./../2018/12/27/telluride-colorado-travel-guide-packing-tips/index.html</link>
					<comments>./../2018/12/27/telluride-colorado-travel-guide-packing-tips/index.html#respond</comments>
		
		<dc:creator><![CDATA[Francesco]]></dc:creator>
		<pubDate>Thu, 27 Dec 2018 12:21:02 +0000</pubDate>
				<category><![CDATA[Road Trip]]></category>
		<guid isPermaLink="false">./../2018/12/27/telluride-colorado-travel-guide-packing-tips/index.html</guid>

					<description><![CDATA[
				Maecenas pharetra risus sit amet gravida fermentum. Mauris vitae magna maximus, tempus neque ac, feugiat velit. Etiam a enim nec quam fringilla cursus. In porttitor elit mi, at tempor lorem fringilla vitae. Proin in egestas purus. Cras vestibulum efficitur tempor. Morbi magna nisl, sollicitudin nec quam in, tempor convallis dolor. Nullam eu urna magna. Suspendisse&#8230;		]]></description>
										<content:encoded><![CDATA[
<div class=\"wp-block-uagb-advanced-heading uagb-block-f27d3167\"><p class=\"uagb-heading-text\">Pellentesque habitant morbi tristique senectus et netus et malesuada fames ac turpis egestas. Suspendisse lorem arcu, varius eu dapibus in, semper id nisl. Praesent sagittis quam non est rutrum, eu tempus dolor sodales. Nunc porttitor tempus rutrum. Aenean at sapien vel massa pellentesque pulvinar eget a erat. Ut ut est sed urna porta malesuada. Pellentesque feugiat nisl nisi, a tincidunt metus faucibus ut. In eu ex eget tortor blandit tincidunt. Pellentesque interdum consectetur augue vestibulum gravida. </p></div>



<div class=\"wp-block-uagb-advanced-heading uagb-block-25b8f146\"><p class=\"uagb-heading-text\">Etiam id ex at erat fermentum luctus maximus et justo. Aenean ultricies faucibus sagittis. Etiam ultrices mollis faucibus. Sed finibus neque nec eros posuere varius a a ante. Nulla euismod eget eros non posuere.</p></div>



<div class=\"wp-block-uagb-container uagb-block-995d76d9 default uagb-is-root-container\">
<div class=\"wp-block-uagb-blockquote uagb-block-b0ed25c7 uagb-blockquote__skin-border uagb-blockquote__stack-img-none\"><blockquote class=\"uagb-blockquote\"><div class=\"uagb-blockquote__content\">Phasellus sem ipsum, pulvinar non ultricies eget, iaculis et orci. Pellentesque a nibh sit amet est congue eleifend at nec augue. Cras tempus congue magna nec consequat. </div><footer><div class=\"uagb-blockquote__author-wrap uagb-blockquote__author-at-left\"><cite class=\"uagb-blockquote__author\"><strong>&#8211; Hawk Lee</strong></cite></div></footer></blockquote></div>
</div>



<div class=\"wp-block-uagb-image uagb-block-5965f4a5 wp-block-uagb-image--layout-default wp-block-uagb-image--effect-static wp-block-uagb-image--align-none\"><figure class=\"wp-block-uagb-image__figure\"><img srcset=\"https://websitedemos.net/travel-08/wp-content/uploads/sites/698/2018/12/hbanner-02-free-img-1024x587.jpg \" src=\"https://websitedemos.net/travel-08/wp-content/uploads/sites/698/2018/12/hbanner-02-free-img-1024x587.jpg\" alt=\"\" class=\"uag-image-1646\" width=\"1024\" height=\"587\" title=\"\" loading=\"lazy\"/></figure></div>



<div class=\"wp-block-uagb-advanced-heading uagb-block-52d93d9c\"><p class=\"uagb-heading-text\">Etiam id ex at erat fermentum luctus maximus et justo. Aenean ultricies faucibus sagittis. Etiam ultrices mollis faucibus. Sed finibus neque nec eros posuere varius a a ante. Nulla euismod eget eros non posuere. Aliquam vel felis porta, egestas massa nec, mattis neque. Sed egestas fringilla dolor sit amet ullamcorper. Pellentesque habitant morbi tristique senectus et netus et malesuada fames ac turpis egestas. Suspendisse lorem arcu, varius eu dapibus in, semper id nisl. Praesent sagittis quam non est rutrum, eu tempus dolor sodales. Nunc porttitor tempus rutrum. Aenean at sapien vel massa pellentesque pulvinar eget a erat. Ut ut est sed urna porta malesuada. Pellentesque feugiat nisl nisi, a tincidunt metus faucibus ut. In eu ex eget tortor blandit tincidunt. Pellentesque interdum consectetur augue vestibulum gravida.</p></div>
]]></content:encoded>
					
					<wfw:commentRss>./../2018/12/27/telluride-colorado-travel-guide-packing-tips/feed/index.html</wfw:commentRss>
			<slash:comments>0</slash:comments>
		
		
			</item>
		<item>
		<title>10 of the Safest Caribbean Islands</title>
		<link>./../2018/12/27/10-of-the-safest-caribbean-islands/index.html</link>
					<comments>./../2018/12/27/10-of-the-safest-caribbean-islands/index.html#respond</comments>
		
		<dc:creator><![CDATA[Francesco]]></dc:creator>
		<pubDate>Thu, 27 Dec 2018 12:13:04 +0000</pubDate>
				<category><![CDATA[Adventure place]]></category>
		<guid isPermaLink="false">./../2018/12/27/10-of-the-safest-caribbean-islands/index.html</guid>

					<description><![CDATA[
				Maecenas pharetra risus sit amet gravida fermentum. Mauris vitae magna maximus, tempus neque ac, feugiat velit. Etiam a enim nec quam fringilla cursus. In porttitor elit mi, at tempor lorem fringilla vitae. Proin in egestas purus. Cras vestibulum efficitur tempor. Morbi magna nisl, sollicitudin nec quam in, tempor convallis dolor. Nullam eu urna magna. Suspendisse&#8230;		]]></description>
										<content:encoded><![CDATA[
<div class=\"wp-block-uagb-advanced-heading uagb-block-f96a92cd\"><p class=\"uagb-heading-text\">Vivamus quis placerat ligula, sed eleifend orci. Vestibulum ante ipsum primis in faucibus orci luctus et ultrices posuere cubilia Curae; Sed ornare nibh quis arcu pretium, eget ultrices enim euismod. Nullam sed rutrum odio. Nullam urna turpis, facilisis ut nunc vel, molestie ornare turpis. Integer ultrices magna sed justo mollis tempor. Lorem ipsum dolor sit amet, consectetur adipiscing elit. Maecenas vehicula auctor velit, sed accumsan turpis lacinia sed. Cras semper justo at sapien iaculis auctor. Nulla ac orci in orci mattis feugiat id id nunc. Phasellus sem ipsum, pulvinar non ultricies eget, iaculis et orci. Pellentesque a nibh sit amet est congue eleifend at nec augue. Cras tempus congue magna nec consequat.</p></div>



<div class=\"wp-block-uagb-advanced-heading uagb-block-58ebe429\"><p class=\"uagb-heading-text\">Etiam id ex at erat fermentum luctus maximus et justo. Aenean ultricies faucibus sagittis. Etiam ultrices mollis faucibus. Sed finibus neque nec eros posuere varius a a ante. Nulla euismod eget eros non posuere.</p></div>



<div class=\"wp-block-uagb-container uagb-block-c8e3aa8d default uagb-is-root-container\">
<div class=\"wp-block-uagb-blockquote uagb-block-77ab2383 uagb-blockquote__skin-border uagb-blockquote__stack-img-none\"><blockquote class=\"uagb-blockquote\"><div class=\"uagb-blockquote__content\">Nunc laoreet dolor purus, sed feugiat lacus cursus quis. Aenean ante dolor, imperdiet sed dignissim eu, accumsan eget est. Nam imperdiet dapibus est a varius. </div><footer><div class=\"uagb-blockquote__author-wrap uagb-blockquote__author-at-left\"><cite class=\"uagb-blockquote__author\"><strong>&#8211; Sam Jones</strong></cite></div></footer></blockquote></div>
</div>



<div class=\"wp-block-uagb-image uagb-block-43914e78 wp-block-uagb-image--layout-default wp-block-uagb-image--effect-static wp-block-uagb-image--align-none\"><figure class=\"wp-block-uagb-image__figure\"><img srcset=\"https://websitedemos.net/travel-08/wp-content/uploads/sites/698/2020/02/about-banner-1024x384.jpg \" src=\"https://websitedemos.net/travel-08/wp-content/uploads/sites/698/2020/02/about-banner-1024x384.jpg\" alt=\"\" class=\"uag-image-1694\" width=\"\" height=\"\" title=\"\" loading=\"lazy\"/></figure></div>



<div class=\"wp-block-uagb-advanced-heading uagb-block-b694021c\"><p class=\"uagb-heading-text\">Vivamus quis placerat ligula, sed eleifend orci. Vestibulum ante ipsum primis in faucibus orci luctus et ultrices posuere cubilia Curae; Sed ornare nibh quis arcu pretium, eget ultrices enim euismod. Nullam sed rutrum odio. Nullam urna turpis, facilisis ut nunc vel, molestie ornare turpis. Integer ultrices magna sed justo mollis tempor. Lorem ipsum dolor sit amet, consectetur adipiscing elit. Maecenas vehicula auctor velit, sed accumsan turpis lacinia sed. Cras semper justo at sapien iaculis auctor. Nulla ac orci in orci mattis feugiat id id nunc. Phasellus sem ipsum, pulvinar non ultricies eget, iaculis et orci. Pellentesque a nibh sit amet est congue eleifend at nec augue. Cras tempus congue magna nec consequat.</p></div>
]]></content:encoded>
					
					<wfw:commentRss>./../2018/12/27/10-of-the-safest-caribbean-islands/feed/index.html</wfw:commentRss>
			<slash:comments>0</slash:comments>
		
		
			</item>
	</channel>
</rss>
